菜名,口味,链接
辣子鸡,香辣,https://home.meishichina.com/recipe-657569.html
家常味盐煎肉,咸鲜,https://home.meishichina.com/recipe-657659.html
蚂蚁上树,咸鲜,https://home.meishichina.com/recipe-640803.html
家常酸辣粉,酸辣,https://home.meishichina.com/recipe-622561.html
双椒回锅肉,微辣,https://home.meishichina.com/recipe-622263.html
经典川味担担面，吃一次就念念不忘的味道,香辣,https://home.meishichina.com/recipe-622234.html
川菜版宫保鸡丁,微辣,https://home.meishichina.com/recipe-620569.html
口水鸡,中辣,https://home.meishichina.com/recipe-620461.html
麻辣血旺,中辣,https://home.meishichina.com/recipe-619712.html
鱼香肉丝,鱼香,https://home.meishichina.com/recipe-619395.html
四川哨子面,清淡,https://home.meishichina.com/recipe-618581.html
四川腊肉,咸鲜,https://home.meishichina.com/recipe-618450.html
宫保鸡丁,酸甜,https://home.meishichina.com/recipe-617522.html
自制串串香,原味,https://home.meishichina.com/recipe-617076.html
麻辣香锅,麻辣,https://home.meishichina.com/recipe-616331.html
口水鸡,微辣,https://home.meishichina.com/recipe-615832.html
水煮豆皮肉片,香辣,https://home.meishichina.com/recipe-615346.html
水煮鱼片,麻辣,https://home.meishichina.com/recipe-614869.html
宫保鸡丁,酸甜,https://home.meishichina.com/recipe-614678.html
水煮牛肉,麻辣,https://home.meishichina.com/recipe-614352.html
宫保鸡丁,咸甜,https://home.meishichina.com/recipe-614060.html
家常钵钵鸡，简单方便，随便煮点什么都好吃，自己做吃到撑。,麻辣,https://home.meishichina.com/recipe-614058.html
超easy麻婆豆腐,微辣,https://home.meishichina.com/recipe-613043.html
麻辣豆腐,原味,https://home.meishichina.com/recipe-612443.html
酸汤肥牛的做法，酸汤肥牛最简单的家常做法，肥牛怎么做好吃,微辣,https://home.meishichina.com/recipe-612060.html
鱼香肉丝,鱼香,https://home.meishichina.com/recipe-611630.html
暖身暖心子姜鸭,中辣,https://home.meishichina.com/recipe-611192.html
蚂蚁上树,咸鲜,https://home.meishichina.com/recipe-611188.html
囗水鸡,麻辣,https://home.meishichina.com/recipe-610942.html
干煸四季豆,蒜香,https://home.meishichina.com/recipe-610892.html
宫保鸡丁,微辣,https://home.meishichina.com/recipe-609007.html
麻婆豆腐,麻辣,https://home.meishichina.com/recipe-609989.html
酸菜芋儿鸡,微辣,https://home.meishichina.com/recipe-609614.html
泡椒凤爪,酸辣,https://home.meishichina.com/recipe-609411.html
蒜苗五花肉,咸鲜,https://home.meishichina.com/recipe-609269.html
蚂蚁上树,微辣,https://home.meishichina.com/recipe-608406.html
香辣五花肉,咸鲜,https://home.meishichina.com/recipe-608366.html
泡椒兔肉,酸辣,https://home.meishichina.com/recipe-608365.html
真滋味方便菜来教你做鱼香肉丝！【H】,鱼香,https://home.meishichina.com/recipe-607955.html
鱼香肉末茄子煲,酸辣,https://home.meishichina.com/recipe-607435.html
水煮肉片,麻辣,https://home.meishichina.com/recipe-607367.html
鱼香肉丝,咸鲜,https://home.meishichina.com/recipe-607198.html
四川辣椒油,香辣,https://home.meishichina.com/recipe-606545.html
金汤肥牛,中辣,https://home.meishichina.com/recipe-605689.html
宫保鸡丁,咸鲜,https://home.meishichina.com/recipe-605327.html
麻辣小火锅,麻辣,https://home.meishichina.com/recipe-600930.html
蒜香血粑,原味,https://home.meishichina.com/recipe-603240.html
钵钵鸡,麻辣,https://home.meishichina.com/recipe-600482.html
蚂蚁上树,咸鲜,https://home.meishichina.com/recipe-599677.html
钵钵鸡,中辣,https://home.meishichina.com/recipe-602482.html
麻辣香锅,麻辣,https://home.meishichina.com/recipe-602245.html
酸菜桂花鱼,咸鲜,https://home.meishichina.com/recipe-601874.html
家常酸汤肥牛，酸辣爽口又开胃，吃一次绝对还想下一次。,酸辣,https://home.meishichina.com/recipe-601869.html
宫保虾球,咸香,https://home.meishichina.com/recipe-601254.html
元宝家的藤椒鸡🐔,麻辣,https://home.meishichina.com/recipe-601212.html
麻辣香锅,麻辣,https://home.meishichina.com/recipe-601124.html
来，整块烧白,其他,https://home.meishichina.com/recipe-601010.html
钵钵鸡----附详细料汁儿做法,麻辣,https://home.meishichina.com/recipe-600861.html
麻婆豆腐,麻辣,https://home.meishichina.com/recipe-600851.html
椒麻鸡,麻辣,https://home.meishichina.com/recipe-600757.html
鱼香肉丝,鱼香,https://home.meishichina.com/recipe-600740.html
狼牙土豆,中辣,https://home.meishichina.com/recipe-600694.html
5分钟开胃下饭的香辣豆腐,微辣,https://home.meishichina.com/recipe-600621.html
水煮鱼,麻辣,https://home.meishichina.com/recipe-599780.html
虎皮辣椒,微辣,https://home.meishichina.com/recipe-599566.html
川味凉拌猪腱子,中辣,https://home.meishichina.com/recipe-597566.html
宫保鱼丁,咸鲜,https://home.meishichina.com/recipe-599468.html
四合院家香之麻婆豆腐,麻辣,https://home.meishichina.com/recipe-599364.html
酸菜鱼,酸辣,https://home.meishichina.com/recipe-599166.html
下饭回锅肉,中辣,https://home.meishichina.com/recipe-599021.html
辣子鸡丁,香辣,https://home.meishichina.com/recipe-598046.html
虎皮尖椒,咸鲜,https://home.meishichina.com/recipe-598664.html
挂面怎么做凉面,麻辣,https://home.meishichina.com/recipe-598311.html
真滋味-酸菜鱼,酸辣,https://home.meishichina.com/recipe-597778.html
懒人版鱼香肉丝，厨艺有限，依靠调料包，比自己调味靠谱多了。,酸辣,https://home.meishichina.com/recipe-597392.html
麻婆豆腐,麻辣,https://home.meishichina.com/recipe-596966.html
东坡肘子的家常做法，香浓软糯巨好吃！,酱香,https://home.meishichina.com/recipe-596921.html
水煮黑鱼片,蒜香,https://home.meishichina.com/recipe-596633.html
快手麻辣香锅,原味,https://home.meishichina.com/recipe-596571.html
四川凉面,中辣,https://home.meishichina.com/recipe-596329.html
水煮胖头鱼,咸鲜,https://home.meishichina.com/recipe-596018.html
懒人版麻婆豆腐、又香又麻又辣，就着汤汁能吃两碗米饭。,微辣,https://home.meishichina.com/recipe-595910.html
家常水煮牛肉,香辣,https://home.meishichina.com/recipe-595790.html
四川尖椒火锅肉,微辣,https://home.meishichina.com/recipe-595235.html
泡椒猪脑,酸辣,https://home.meishichina.com/recipe-595005.html
麻辣兔头的详细制作，麻辣鲜香，色泽红润，回味悠长,麻辣,https://home.meishichina.com/recipe-594952.html
成都外围有名的小吃麻辣串串香【麻辣烫】,麻辣,https://home.meishichina.com/recipe-594948.html
蒜泥白肉,香辣,https://home.meishichina.com/recipe-593868.html
鱼香肉丝,咸鲜,https://home.meishichina.com/recipe-593993.html
正宗四川凉糕大米凉糕,甜味,https://home.meishichina.com/recipe-593206.html
小涮锅麻婆豆腐,麻辣,https://home.meishichina.com/recipe-593023.html
麻辣水煮鱼,麻辣,https://home.meishichina.com/recipe-593118.html
鱼香炒鸡蛋,咸鲜,https://home.meishichina.com/recipe-590950.html
比肉还好吃的滋味家常菜——麻婆豆腐😉,麻辣,https://home.meishichina.com/recipe-593035.html
水煮麻辣鲤鱼鱼籽,麻辣,https://home.meishichina.com/recipe-592901.html
口水鸡,香辣,https://home.meishichina.com/recipe-592814.html
家常水煮鱼,微辣,https://home.meishichina.com/recipe-592601.html
真滋味鱼香肉丝,酸甜,https://home.meishichina.com/recipe-592535.html
电饭煲自制串串香,香辣,https://home.meishichina.com/recipe-592520.html
麻辣鸡丝,麻辣,https://home.meishichina.com/recipe-592438.html
